--
-- PostgreSQL database dump
--

SET statement_timeout = 0;
SET client_encoding = 'UTF8';
SET standard_conforming_strings = on;
SET check_function_bodies = false;
SET client_min_messages = warning;

SET search_path = public, pg_catalog;

--
-- Data for Name: active_admin_comments; Type: TABLE DATA; Schema: public; Owner: danil
--

COPY active_admin_comments (id, namespace, body, resource_id, resource_type, author_id, author_type, created_at, updated_at) FROM stdin;
\.


--
-- Name: active_admin_comments_id_seq; Type: SEQUENCE SET; Schema: public; Owner: danil
--

SELECT pg_catalog.setval('active_admin_comments_id_seq', 1, false);


--
-- Name: admin_users_id_seq; Type: SEQUENCE SET; Schema: public; Owner: danil
--

SELECT pg_catalog.setval('admin_users_id_seq', 2, true);


--
-- Data for Name: banks; Type: TABLE DATA; Schema: public; Owner: danil
--

COPY banks (id, title, active, created_at, updated_at) FROM stdin;
3	Авангард	t	2013-12-04 17:14:59.977313	2013-12-04 17:14:59.977313
5	АВТОВАЗБАНК	t	2013-12-04 17:16:07.240763	2013-12-04 17:16:07.240763
7	АК БАРС	t	2013-12-04 17:17:44.219268	2013-12-04 17:17:44.219268
8	Альфа-Банк	t	2013-12-04 17:18:03.604131	2013-12-04 17:18:03.604131
9	АНКОР БАНК	t	2013-12-04 17:18:16.426971	2013-12-04 17:18:16.426971
10	БАНК ИТБ	t	2013-12-04 17:18:33.981673	2013-12-04 17:18:33.981673
11	Банк Кузнецкий	t	2013-12-04 17:19:02.857189	2013-12-04 17:19:02.857189
12	Банк Москвы	t	2013-12-04 17:19:14.727193	2013-12-04 17:19:14.727193
13	БИНБАНК	t	2013-12-04 17:19:29.808787	2013-12-04 17:19:29.808787
14	БТА-Казань	t	2013-12-04 17:19:49.383424	2013-12-04 17:19:49.383424
15	Внешпромбанк	t	2013-12-04 17:20:02.718211	2013-12-04 17:20:02.718211
16	ВОКБАНК	t	2013-12-04 17:20:14.762331	2013-12-04 17:20:14.762331
19	ВТБ24	t	2013-12-04 17:20:53.927128	2013-12-04 17:20:53.927128
20	Газпромбанк	t	2013-12-04 17:21:23.290491	2013-12-04 17:21:23.290491
21	Девон-Кредит Банк	t	2013-12-04 17:21:35.486438	2013-12-04 17:21:35.486438
22	Евротраст	t	2013-12-04 17:21:49.109125	2013-12-04 17:21:49.109125
25	Мегаполис Банк 	t	2013-12-04 17:22:32.639122	2013-12-04 17:22:32.639122
26	Металлинвестбанк	t	2013-12-04 17:22:53.575097	2013-12-04 17:22:53.575097
27	МосОблБанк	t	2013-12-04 17:23:04.159376	2013-12-04 17:23:04.159376
28	НБД-Банк	t	2013-12-04 17:23:15.14177	2013-12-04 17:23:15.14177
29	Номос-Банк	t	2013-12-04 17:23:31.8631	2013-12-04 17:23:31.8631
30	Объединенный банк Республики	t	2013-12-04 17:23:48.608977	2013-12-04 17:23:48.608977
31	Открытие	t	2013-12-04 17:23:59.260051	2013-12-04 17:23:59.260051
33	Петрокоммерц	t	2013-12-04 17:24:30.187539	2013-12-04 17:24:30.187539
34	Пробизнесбанк	t	2013-12-04 17:24:42.299236	2013-12-04 17:24:42.299236
35	Промсвязьбанк	t	2013-12-04 17:24:51.560064	2013-12-04 17:24:51.560064
39	Россельхозбанк	t	2013-12-04 17:26:00.247541	2013-12-04 17:26:00.247541
40	Русский Стандарт	t	2013-12-04 17:26:17.314571	2013-12-04 17:26:17.314571
42	Саровбизнесбанк	t	2013-12-04 17:26:44.728849	2013-12-04 17:26:44.728849
43	Сбербанк России	t	2013-12-04 17:26:54.66978	2013-12-04 17:26:54.66978
44	Связь-Банк	t	2013-12-04 17:27:14.625479	2013-12-04 17:27:14.625479
46	СКБ-Банк 	t	2013-12-04 17:27:44.476772	2013-12-04 17:27:44.476772
48	Татфондбанк	t	2013-12-04 17:28:14.189591	2013-12-04 17:28:14.189591
49	Траст	t	2013-12-04 17:28:27.236575	2013-12-04 17:28:27.236575
51	Уралсиб	t	2013-12-04 17:28:54.943392	2013-12-04 17:28:54.943392
54	Чувашкредитпромбанк	t	2013-12-04 17:29:42.458695	2013-12-04 17:29:42.458695
55	Экспресс-Волга банк	t	2013-12-04 17:30:02.597924	2013-12-04 17:30:02.597924
56	Эллипс Банк	t	2013-12-04 17:30:13.170916	2013-12-04 17:30:13.170916
57	Энергобанк	t	2013-12-04 17:30:24.988438	2013-12-04 17:30:24.988438
58	Юниаструм Банк	t	2013-12-04 17:30:38.563602	2013-12-04 17:30:38.563602
59	ЮниКредит Банк	t	2013-12-04 17:30:49.321314	2013-12-04 17:30:49.321314
4	GE Money Bank	f	2013-12-04 17:15:43.099145	2013-12-04 20:19:50.330715
6	АйМаниБанк	f	2013-12-04 17:16:42.51709	2013-12-04 20:20:09.308133
52	Форус Банк	f	2013-12-04 17:29:12.71294	2013-12-04 20:24:03.586767
17	Восточный экспресс-банк	t	2013-12-04 17:20:30.316641	2013-12-05 13:31:21.842163
36	Ренессанс Капитал	f	2013-12-04 17:25:21.108617	2013-12-10 11:15:32.958042
38	Росгосстрах Банк	f	2013-12-04 17:25:43.667343	2013-12-10 11:15:41.200639
37	Росбанк	f	2013-12-04 17:25:31.132803	2013-12-10 11:15:56.864739
41	Русфинанс Банк	f	2013-12-04 17:26:30.018732	2013-12-10 11:16:12.263728
45	Сетелем (БНП Париба)	f	2013-12-04 17:27:33.56017	2013-12-10 11:16:23.630804
47	 Стратегия	f	2013-12-04 17:28:01.949848	2013-12-10 11:20:06.259941
53	Хоум Кредит	f	2013-12-04 17:29:27.351562	2013-12-10 11:20:40.225976
18	ВТБ	f	2013-12-04 17:20:40.00542	2013-12-10 11:29:21.978076
24	Кредит Европа Банк	f	2013-12-04 17:22:20.600951	2013-12-10 11:38:57.668905
32	ОТП Банк	f	2013-12-04 17:24:16.053085	2013-12-10 11:42:49.239174
50	УБРиР	f	2013-12-04 17:28:41.747493	2013-12-10 12:02:07.361163
\.


--
-- Name: banks_id_seq; Type: SEQUENCE SET; Schema: public; Owner: danil
--

SELECT pg_catalog.setval('banks_id_seq', 59, true);


--
-- Data for Name: schema_migrations; Type: TABLE DATA; Schema: public; Owner: danil
--

COPY schema_migrations (version) FROM stdin;
20131117073932
20131117073936
20131128085013
20131128085350
\.


--
-- Data for Name: tariffes; Type: TABLE DATA; Schema: public; Owner: danil
--

COPY tariffes (id, active, bank_id, "position", title, month_fee, invoice_fee, cashing_fee, summary, pdf, description, invoice_tips, created_at, updated_at) FROM stdin;
2	t	8	0	«Базовый»	790	30	2	Пакет услуг «Базовый» включает в себя\r\nбесплатно:\r\nподключение к Пакету услуг «Базовый»***;\r\nоткрытие счета;\r\nподключение системы «Альфа-Клиент On-line»;\r\nуслуга «SMS-уведомление» (1 телефонный номер).\r\nведение счета с использованием системы «Альфа-Бизнес Онлайн»/«Альфа-Клиент On-line — 790 рублей;\r\nподключение системы «Альфа-Бизнес Онлайн» — 990 рублей;\r\nстоимость электронного платежа — 30 рублей;\r\nполучение e-token — 1 500 рублей без учета НДС.		Пакет услуг «Базовый» включает в себя\r\nбесплатно:\r\nподключение к Пакету услуг «Базовый»***;\r\nоткрытие счета;\r\nподключение системы «Альфа-Клиент On-line»;\r\nуслуга «SMS-уведомление» (1 телефонный номер).\r\nведение счета с использованием системы «Альфа-Бизнес Онлайн»/«Альфа-Клиент On-line — 790 рублей;\r\nподключение системы «Альфа-Бизнес Онлайн» — 990 рублей;\r\nстоимость электронного платежа — 30 рублей;\r\nполучение e-token — 1 500 рублей без учета НДС.	При оплате комиссии за обслуживание счета за 9 месяцев, вы получаете 12 месяцев обслуживания счета.	2013-12-05 07:43:15.461874	2013-12-05 07:43:15.461874
4	t	7	0	Расчётно-кассовое обслуживание по счетам резидентов и нерезидентов в рублях	220	33	1					2013-12-05 08:05:37.472844	2013-12-05 08:05:37.472844
6	t	12	0	Базовый	500	100	1					2013-12-05 08:19:50.864236	2013-12-05 08:19:50.864236
7	t	12	0	Тарифный план «Безналичный» 	2500	\N	\N	Открытие счета \t \r\nОткрытие счета по Договору банковского счета юридическому лицу и индивидуальному предпринимателю (в валюте Российской Федерации) \t \r\nВедение счета в валюте Российской Федерации \t \r\nС использованием системы «Банк-Клиент» и/или «Интернет Банк-Клиент» \t \r\nСписание платежей \t \r\nЭлектронные внутрирегиональные и межрегиональные, а также почтовые и телеграфные платежи (за исключением налоговых и прочих платежей в бюджет и государственные внебюджетные фонды) \t \r\nПо системе «Банк-Клиент» и/или «Интернет Банк-Клиент» (до 60 шт. в месяц) \t \r\nСистема «Интернет Банк-Клиент» \t \r\nРегистрация абонента в системе \t \r\nЕжемесячная абонентская оплата (включая тематические пояснения)		1. Для лимитируемых услуг бесплатно до указанного количества операций в месяц (свыше ─ по действующим тарифам).\r\n2. В лимит операций по списанию платежей со счета включаются внутренние платежи, электронные внутрирегиональные и межрегиональные платежи, в том числе перечисление налоговых и приравненных к ним платежей в бюджет и внебюджетные фонды.\r\n3. Вознаграждение за Тарифный план взимается ежемесячно не позднее 3-го рабочего дня каждого месяца или в последний день действия Договора банковского счета (на расчетное и кассовое обслуживание юридических лиц и индивидуальных предпринимателей) по каждому счету, подключенному на Тарифный план.\r\n4. Обслуживание действующего Клиента в рамках нового Тарифного плана начинается с первого дня календарного месяца, обслуживание нового Клиента начинается с даты открытия счета.\r\n5. В случае подключения к Тарифному плану или расторжения Договора банковского счета (на расчетное и кассовое обслуживание юридических лиц и индивидуальных предпринимателей) внутри календарного месяца вознаграждение взимается за полный календарный месяц.\r\n6. Переход Клиента с одного Тарифного плана на другой Тарифный план осуществляется на основании заявления Клиента о выборе другого Тарифного плана РКО. Обслуживание Клиента в рамках нового Тарифного плана начинается с первого дня календарного месяца.		2013-12-05 08:23:00.191855	2013-12-05 08:23:00.191855
8	t	12	0	Тарифный план «Торговый»	4000	\N	\N	Открытие счета по Договору банковского счета юридическому лицу и индивидуальному предпринимателю (в валюте Российской Федерации) \t \r\nВедение счета в валюте Российской Федерации с использованием системы «Банк-Клиент» и/или «Интернет Банк-Клиент» \t \r\nСписание платежей \t \r\nЭлектронные внутрирегиональные и межрегиональные, а также почтовые и телеграфные платежи (за исключением налоговых и прочих платежей в бюджет и государственные внебюджетные фонды) \t \r\nПо системе «Банк-Клиент» и/или «Интернет Банк-Клиент» (до 20 шт. в месяц) \t \r\nОформление чековой книжки Клиенту \t \r\nСистема «Интернет Банк-Клиент» \t \r\nРегистрация абонента в системе \t \r\nЕжемесячная абонентская оплата (включая тематические пояснения) \t \r\nEurocard/MasterCard Business (корпоративная) \t \r\nКомиссия за обслуживание Корпоративного карточного счета в течение первого года (годовое обслуживание карт) \t \r\nКомиссия за получение наличных денежных средств: \t \r\nВ банкомате ОАО «Банк Москвы», ВТБ 24 (ЗАО), ОАО «ТрансКредитБанк» \t \r\nВ ПВН ОАО «Банк Москвы» \t \r\nЛимит выдачи наличных со счета в банкоматах и ПВН \t300 000 рублей в течение одного календарного месяца, но не более 100 000 рублей в течение одного календарного дня или эквивалент в иностранной валюте, пересчитанный по курсу Банка России на день совершения операции\r\nПрием наличных денежных средств в рублях РФ и их перечисление на расчетный счет Клиента в рублях РФ \t \r\nВ банкомате (с функцией Cash-in) ОАО "Банк Москвы" \t \r\nЛимит приема наличных с использованием банковских карт, являющихся средством для доступа к счету, в банкоматах ОАО «Банк Москвы» для зачисления на расчетный счет Клиента \tНе более 1 000 000 рублей в течение одного месяца и не более 100 000 рублей в течение одного календарного дня\r\nVisa Business (корпоративная) \t \r\nКомиссия за обслуживание Корпоративного карточного счета в течение первого года (годовое обслуживание карт) \t \r\nКомиссия за получение наличных денежных средств*: \t \r\nВ банкомате ОАО «Банк Москвы», ВТБ 24 (ЗАО), ОАО «ТрансКредитБанк» \t \r\nВ ПВН ОАО «Банк Москвы» \t \r\nЛимит выдачи наличных со счета в банкоматах и ПВН \t300 000 рублей в течение одного календарного месяца, но не более 100 000 рублей в течение одного календарного дня или эквивалент в иностранной валюте, пересчитанный по курсу Банка России на день совершения операции\r\nПрием наличных денежных средств в рублях РФ и их перечисление на расчетный счет Клиента в рублях РФ \t \r\nЛимит приема наличных с использованием банковских карт, являющихся средством для доступа к счету, в банкоматах ОАО «Банк Москвы» для зачисления на расчетный счет Клиента \tНе более 1 000 000 рублей в течение одного месяца и не более 100 000 рублей в течение одного календарного дня		1. Для лимитируемых услуг  бесплатно до указанной суммы в рублях/количества операций в месяц (свыше ─ по действующим тарифам).\r\n2. В лимит операций по списанию платежей со счета включаются внутренние платежи, электронные внутрирегиональные и межрегиональные платежи, в том числе перечисление налоговых и приравненных к ним платежей в бюджет и внебюджетные фонды.\r\n3. Вознаграждение за Тарифный план взимается ежемесячно не позднее 3-го рабочего дня каждого месяца или в последний день действия Договора банковского счета (на расчетное и кассовое обслуживание юридических лиц и индивидуальных предпринимателей) по каждому счету, подключенному на Тарифный план.\r\n4. Обслуживание действующего Клиента в рамках нового Тарифного плана начинается с первого дня календарного месяца, обслуживание нового Клиента начинается с даты открытия счета.\r\n5. В случае подключения к Тарифному плану или расторжения Договора банковского счета (на расчетное и кассовое обслуживание юридических лиц и индивидуальных предпринимателей) внутри календарного месяца вознаграждение взимается за полный календарный месяц.\r\n6. Переход Клиента с одного Тарифного плана на другой Тарифный план осуществляется на основании заявления Клиента о выборе другого Тарифного плана РКО.\r\nОбслуживание Клиента в рамках нового Тарифного плана начинается с первого дня календарного месяца.\r\n		2013-12-05 08:28:00.333943	2013-12-05 08:28:00.333943
9	t	12	0	Тарифный план «Торговый VIP»	5800	\N	\N	 Открытие счета по Договору банковского счета юридическому лицу и индивидуальному предпринимателю (в валюте Российской Федерации) \t \r\nВедение счета в валюте Российской Федерации с использованием системы «Банк-Клиент» и/или «Интернет Банк-Клиент» \t \r\nСписание платежей \t \r\nЭлектронные внутрирегиональные и межрегиональные, а также почтовые и телеграфные платежи (за исключением налоговых и прочих платежей в бюджет и государственные внебюджетные фонды) \t \r\nПо системе «Банк-Клиент» и/или «Интернет Банк-Клиент» (до 30 шт. в месяц) \t \r\nОформление чековой книжки Клиенту \t \r\nСистема «Интернет Банк-Клиент» \t \r\nРегистрация абонента в системе \t \r\nЕжемесячная абонентская оплата (включая тематические пояснения) \t \r\nEurocard/MasterCard Business (корпоративная) \t \r\nКомиссия за обслуживание Корпоративного карточного счета в течение первого года (годовое обслуживание карт) \t \r\nКомиссия за получение наличных денежных средств*: \t \r\nВ банкомате ОАО «Банк Москвы», ВТБ 24 (ЗАО), ОАО «ТрансКредитБанк» \t \r\nВ ПВН ОАО «Банк Москвы» \t \r\nЛимит выдачи наличных со счета в банкоматах и ПВН. 500 000 рублей в течение одного календарного месяца, но не более 100 000 рублей в течение одного календарного дня или эквивалент в иностранной валюте, пересчитанный по курсу Банка России на день совершения операции\r\nПрием наличных денежных средств в рублях РФ и их перечисление на расчетный счет Клиента в рублях РФ \t \r\nВ банкомате (с функцией Сash-in) ОАО «Банк Москвы»** \t \r\nЛимит приема наличных с использованием банковских карт, являющихся средством для доступа к счету, в банкоматах ОАО «Банк Москвы» для зачисления на расчетный счет Клиента \tНе более 2 000 000 рублей в течение одного месяца и не более 100 000 рублей в течение одного календарного дня\r\nVisa Business (корпоративная) \t \r\nКомиссия за обслуживание Корпоративного карточного счета в течение первого года (годовое обслуживание карт)\t\r\nКомиссия за получение наличных денежных средств: \t \r\nВ банкомате ОАО «Банк Москвы», ВТБ 24 (ЗАО), ОАО «ТрансКредитБанк» \t \r\nВ ПВН ОАО «Банк Москвы» \t \r\nЛимит выдачи наличных со счета в банкоматах и ПВН. 500 000 рублей в течение одного календарного месяца, но не более 100 000 рублей в течение одного календарного дня или эквивалент в иностранной валюте, пересчитанный по курсу Банка России на день совершения операции\r\nПрием наличных денежных средств в рублях РФ и их перечисление на расчетный счет Клиента в рублях РФ \t \r\nВ банкомате (с функцией Сash-in) ОАО «Банк Москвы»** \t \r\nЛимит приема наличных с использованием банковских карт, являющихся средством для доступа к счету, в банкоматах ОАО «Банк Москвы» для зачисления на расчетный счет Клиента. Не более 2 000 000 рублей в течение одного месяца и не более 100 000 рублей в течение одного календарного дня		1. Для лимитируемых услуг бесплатно до указанной суммы в рублях/количества операций в месяц (свыше ─ по действующим тарифам).\r\n2. В лимит операций по списанию платежей со счета включаются внутренние платежи, электронные внутрирегиональные и межрегиональные платежи, в том числе перечисление налоговых и приравненных к ним платежей в бюджет и внебюджетные фонды.\r\n3. Вознаграждение за Тарифный план взимается ежемесячно не позднее 3-го рабочего дня каждого месяца или в последний день действия Договора банковского счета (на расчетное и кассовое обслуживание юридических лиц и индивидуальных предпринимателей) по каждому счету, подключенному на Тарифный план.\r\n4. Обслуживание действующего Клиента в рамках нового Тарифного плана начинается с первого дня календарного месяца, обслуживание нового Клиента начинается с даты открытия счета.\r\n5. В случае подключения к Тарифному плану или расторжения Договора банковского счета (на расчетное и кассовое обслуживание юридических лиц и индивидуальных предпринимателей) внутри календарного месяца вознаграждение взимается за полный календарный месяц.\r\n6. Переход Клиента с одного Тарифного плана на другой Тарифный план осуществляется на основании заявления Клиента о выборе другого Тарифного плана РКО. Обслуживание Клиента в рамках нового Тарифного плана начинается с первого дня календарного месяца. 		2013-12-05 08:41:00.279659	2013-12-05 08:41:00.279659
10	t	13	0	Расчетно-кассовое обслуживание	900	150	1					2013-12-05 08:50:34.49261	2013-12-05 08:50:34.49261
11	t	14	0	Расчетно-кассовое обслуживание в рублях	0	100	1					2013-12-05 13:10:39.97133	2013-12-05 13:10:39.97133
13	t	17	0	Тарифный план "Россия"	900	100	1		__________________-_____RKO-TP-Rossija.pdf			2013-12-05 13:31:04.32503	2013-12-09 11:06:04.725384
3	t	5	0	Расчётно-кассовое обслуживание	400	100	1					2013-12-05 08:00:42.489907	2013-12-05 13:11:39.589651
12	t	15	0	Обслуживание юридических лиц по операциям в рублях	350	50	2					2013-12-05 13:19:28.662994	2013-12-05 13:19:28.662994
14	t	19	0	Базовый	1200	100	1					2013-12-05 13:45:41.619282	2013-12-05 13:45:41.619282
51	t	58	0	"Электронный"	590	100	0		rates-cheboksary-2013-10-01.pdf	Подключение к Тарифному плану только с одновременным подключением к системе ДБО – Интернет Банк-Клиент и/или Банк-Клиент.\r\n\r\nДля клиентов активно пользующихся услугами Банка и проводящих большое количество регулярных платежей.		2013-12-08 21:51:00.907345	2013-12-08 21:51:00.907345
54	t	59	0	Базовый	350	100	0		\N	Нет услуги по выдаче наличных денежных средств.		2013-12-08 21:55:13.694361	2013-12-10 11:56:07.547861
15	t	19	0	"Заёмщик"	2400	\N	\N	Расчетное обслуживание и ведение счета по системе "Банк-Клиент Онлайн"\r\nПроведение операций по переводу иностранной валюты  (экв. до 350 тыс. руб. в месяц*)\r\nПрием, пересчет наличных денежных средств для зачисления на счета Клиентов (до 400 тыс. руб. в месяц*)\r\nВыдача наличных денежных средств со счетов Клиента (до 500 тыс. руб. в месяц*)\r\nПроведение операций по переводу денежных средств через расчетную сеть Банка, ЦБ РФ и иных кредитных организаций  (до 100 шт. в месяц*)\r\nВыдача дубликатов выписок по счетам в иностранной валюте\r\nВыдача дубликатов выписок по счетам в Рублях РФ\r\nПредоставление справок по оборотам и остаткам на расчетном счете Клиента\r\nОформление чековой книжки по счету Клиента\r\n		1. Для лимитируемых услуг бесплатно до указанной суммы в рублях/количества операций в месяц (свыше - по действующим тарифам).\r\n2. В период действия пакета Клиенту предоставляется скидка в размере 50% на следующие услуги:\r\n- Подключение Клиента к электронной системе  ""Банк-Клиент Онлайн"" ;\r\n- Оказание помощи Клиентам в оформлении (на компьютере или печатной машинке)  платежных поручений, платежных требований;\r\n- Открытие счета в иностранной валюте;\r\n- Заверка сообщений по телексу или S.W.I.F.T. ключами аутентификации ВТБ 24 (ЗАО).\r\n3. Предоставляется юридическим лицам и индивидуальным предпринимателям, имеющим неиспользованный лимит или задолженность перед Банком по действующим кредитным договорам.\r\n* - лимитируемые услуги\r\nДанные условия распространяются только на Договоры на обслуживание по Пакету РКО, заключенные с 18.04.2011:\r\n1.1. За обслуживание Пакета РКО вознаграждение Банку уплачивается авансовым платежом  за период от 1 (Одного) до 12 (Двенадцать) месяцев по выбору Клиента. \r\n1.2. Срок для внесения авансового платежа составляет 20 (Двадцать) рабочих дней, начиная со дня заключения Договора на обслуживание по Пакету РКО/с даты окончания \r\nсрока обслуживания по иному пакету (при переходе с другого пакета)/с даты окончания предыдущего периода обслуживания по Пакету РКО, но не может превышать период в 1 (Один) календарный месяц (период определяется исходя из фактического количества календарных дней в месяце заключения Договора на обслуживание по Пакету РКО/окончания срока обслуживания по иному пакету (при переходе с другого\r\n пакета)/окончания предыдущего периода обслуживания по \r\nПакету РКО, и может составлять от 28 до 31 дней).\r\n\r\n\r\n\r\n\r\n\r\n\r\n\r\n\r\n\r\n		2013-12-05 13:50:38.340144	2013-12-05 13:50:38.340144
16	t	19	0	"Бизнес БКО"	2400	\N	\N	Ежемесячная плата за расчетное обслуживание и ведение счета по системе "Банк-Клиент Онлайн"\r\nПрием, пересчет наличных денежных средств для зачисления на счета Клиентов (до 100 тыс. руб. в месяц*)\r\nВыдача наличных денежных средств со счетов Клиента (до 150 тыс. руб. в месяц*)\r\nПроведение операций по переводу денежных средств через расчетную сеть Банка, ЦБ РФ и иных кредитных организаций  (до 30 шт. в месяц*)\r\nВыдача дубликатов выписок по счетам в Рублях РФ\r\nПредоставление справок по оборотам и остаткам на расчетном счете Клиента\r\nОформление чековой книжки по счету Клиента\r\n		Действует с 01.11.2012\r\n1. Для лимитируемых услуг бесплатно до указанной суммы в рублях/количества операций в месяц (свыше - по действующим тарифам).\r\n2. В период действия пакета Клиенту предоставляется скидка в размере 50% на следующие услуги:\r\n- Подключение Клиента к электронной системе  ""Банк-Клиент Онлайн"" ;\r\n- Оказание помощи Клиентам в оформлении (на компьютере или печатной машинке)  платежных поручений, платежных требований.                               \r\n3. За обслуживание Пакета РКО вознаграждение Банку уплачивается авансовым платежом  за период от 1 (Одного) до 12 (Двенадцать) месяцев по выбору Клиента.** \r\n4. Срок для внесения авансового платежа составляет 20 (Двадцать) рабочих дней, начиная со дня заключения Договора на обслуживание  по Пакету РКО/с даты окончания срока обслуживания по иному пакету (при переходе с другого пакета)/с даты окончания предыдущего периода обслуживания по Пакету РКО, но не может превышать период в 1 (Один) календарный месяц (период определяется исходя из фактического количества календарных дней в месяце заключения Договора на обслуживание по Пакету РКО/окончания\r\n срока обслуживания по иному пакету (при переходе с другого пакета)/окончания предыдущего периода обслуживания по \r\nПакету РКО, и может составлять от 28 до 31 дней).**\r\n* - лимитируемые услуги\r\n** - данные условия распространяются только на Договоры на обслуживание по Пакету РКО, заключенные с 01.11.2012 г.\r\n\r\n\r\n\r\n\r\n\r\n\r\n\r\n		2013-12-05 13:52:40.667533	2013-12-05 13:57:38.883215
21	t	22	0	Базовый	300	50	1		________________.pdf			2013-12-05 14:20:44.228099	2013-12-09 11:06:58.783491
22	t	25	0	Базовый	250	50	0					2013-12-05 14:25:24.69247	2013-12-05 14:25:24.69247
23	t	26	0	Тариф ОО "Чебоксарский"	500	65	1					2013-12-05 14:32:41.61771	2013-12-05 14:32:41.61771
24	t	27	0	Базовый тариф 	300	100	0					2013-12-05 18:17:15.319194	2013-12-05 18:17:15.319194
30	t	33	0	"ПРИОРИТЕТНЫЙ тарифный план"	1100	0	0			Тарифный план может быть предоставлен клиенту при минимальный размер годовой выручки клиента/группы клиентов (холдинга) согласно данных бухгалтерской отчетности — свыше 600 млн. рублей.		2013-12-05 19:20:34.764091	2013-12-05 19:20:34.764091
19	t	20	0	Базовый 	500	100	0		____________tarif_ur_cheboxary_01102012.pdf		Базовый тариф действует при условии, что суммарный кредитовый оборот за 11 месяцев предыдущего календарного года не превышает 4 трлн. рублей.	2013-12-05 14:03:43.657319	2013-12-09 11:06:30.645423
17	t	19	0	 "Торговый"	1800	\N	\N	Ежемесячная плата за расчетное обслуживание и ведение счета по системе "Банк-Клиент Онлайн"\r\nПрием, пересчет наличных денежных средств для зачисления на счета Клиентов (до 200 тыс. руб. в месяц*)\r\nВыдача наличных денежных средств со счетов Клиента (до 50 тыс. руб. в месяц*)\r\nПроведение операций по переводу денежных средств через расчетную сеть Банка, ЦБ РФ и иных кредитных организаций  (до 25 шт. в месяц*)\r\nВыдача дубликатов выписок по счетам в Рублях РФ\r\nПредоставление справок по оборотам и остаткам на расчетном счете Клиента\r\nОформление чековой книжки по счету Клиента\r\n		Действует с 01.11.2012\r\n1. Для лимитируемых услуг бесплатно до указанной суммы в рублях/количества операций в месяц (свыше - по действующим тарифам).\r\n2. В период действия пакета Клиенту предоставляется скидка в размере 50% на следующие услуги:\r\n- Подключение Клиента к электронной системе  ""Банк-Клиент Онлайн"" ;\r\n- Оказание помощи Клиентам в оформлении (на компьютере или печатной машинке)  платежных поручений, платежных требований. \r\n3. За обслуживание Пакета РКО вознаграждение Банку уплачивается авансовым платежом  за период от 1 (Одного) до 12 (Двенадцать) месяцев по выбору Клиента.** \r\n4. Срок для внесения авансового платежа составляет 20 (Двадцать) рабочих дней, начиная со дня заключения Договора на обслуживание  по Пакету РКО/с даты окончания срока обслуживания по иному пакету (при переходе с другого пакета)/с даты окончания предыдущего периода обслуживания по Пакету РКО, но не может превышать период в 1 (Один) календарный месяц (период определяется исходя из фактического количества календарных дней в месяце заключения Договора на обслуживание по Пакету РКО/окончания срока обслуживания по иному пакету (при переходе с другого пакета)/окончания предыдущего периода обслуживания по Пакету РКО, и может составлять от 28 до 31 дней).**\r\n* - лимитируемые услуги\r\n** - данные условия распространяются только на Договоры на обслуживание по Пакету РКО, заключенные с 01.11.2012 г.\r\n\r\n\r\n\r\n\r\n\r\n\r\n\r\n		2013-12-05 13:54:35.580438	2013-12-05 13:57:16.292452
20	t	21	0	Базовый	300	250	1					2013-12-05 14:12:11.136652	2013-12-05 14:12:11.136652
28	t	33	0	"БАЗОВЫЙ тарифный план"	900	100	0					2013-12-05 19:15:19.792941	2013-12-05 19:18:26.873172
50	t	58	0	"Базовый"	990	100	0		rates-cheboksary-2013-10-01.pdf	Для клиентов проводящих небольшое количество платежей и предпочитающих консервативные принципы работы с Банком.\r\n\r\nОтсутствие возможности подключения систем дистанционного банковского обслуживания (ДБО) – Интернет Банк-Клиент и/или Банк-Клиент.\r\n\r\nПредоставление в Банк расчетных документов возможно только на бумажном носителе.		2013-12-08 21:50:36.901638	2013-12-08 21:50:36.901638
18	t	19	0	"ВЭД"	9900	\N	\N	Ежемесячная плата за расчетное обслуживание и ведение счета по системе "Банк-Клиент Онлайн"\r\nПроведение операций по переводу иностранной валюты (экв. до 600 тыс. руб. в месяц*)\r\nПрием, пересчет наличных денежных средств для зачисления на счета Клиентов (до 500 тыс. руб. в месяц*)\r\nВыдача наличных денежных средств со счетов Клиента (до 1000 тыс. руб. в месяц*)\r\nПроведение операций по переводу денежных средств через расчетную сеть Банка, ЦБ РФ и иных кредитных организаций  (до 200 шт. в месяц*)\r\nВыдача дубликатов выписок по счетам в иностранной валюте\r\nВыдача дубликатов выписок по счетам в Рублях РФ\r\nПредоставление справок по оборотам и остаткам на расчетном счете Клиента\r\nОформление чековой книжки по счету Клиента\r\n		Действует с 01.11.2012\r\n1. Для лимитируемых услуг бесплатно до указанной суммы в рублях/количества операций в месяц (свыше - по действующим тарифам).\r\n2. В период действия пакета Клиенту предоставляется скидка в размере 50% на следующие услуги:\r\n- Подключение Клиента к электронной системе  ""Банк-Клиент Онлайн"" ;\r\n- Оказание помощи Клиентам в оформлении (на компьютере или печатной машинке)  платежных поручений, платежных требований;\r\n- Открытие счета в иностранной валюте;\r\n- Заверка сообщений по телексу или S.W.I.F.T. ключами аутентификации ВТБ 24 (ЗАО).                                                                                                                    \r\n3. За обслуживание Пакета РКО вознаграждение Банку уплачивается авансовым платежом  за период от 1 (Одного) до 12 (Двенадцать) месяцев по выбору Клиента.** \r\n4. Срок для внесения авансового платежа составляет 20 (Двадцать) рабочих дней, начиная со дня заключения Договора на обслуживание  по Пакету РКО/с даты окончания срока обслуживания по иному пакету (при переходе с другого пакета)/с даты окончания предыдущего периода обслуживания по Пакету РКО, но не может превышать период в 1 (Один) календарный месяц (период определяется исходя из фактического количества календарных дней в месяце заключения Договора на обслуживание по Пакету РКО/окончания срока обслуживания по иному пакету (при переходе с другого пакета)/окончания предыдущего периода обслуживания \r\nпо Пакету РКО, и может составлять от 28 до 31 дней).**\r\n* - лимитируемые услуги \r\n** - данные условия распространяются только на Договоры на обслуживание по Пакету РКО, заключенные с 01.11.2012 г."\r\n\r\n\r\n\r\n\r\n\r\n\r\n\r\n\r\n\r\n		2013-12-05 13:56:38.8696	2013-12-05 13:56:38.8696
25	t	28	0	Базовый тариф	1250	100	1					2013-12-05 18:20:09.287378	2013-12-05 18:20:09.287378
26	t	29	0	Базовый тариф (для регионов)	350	50	0					2013-12-05 18:28:25.286747	2013-12-05 18:28:25.286747
27	t	31	0	Базовый тариф	750	50	1					2013-12-05 19:09:01.40281	2013-12-05 19:09:01.40281
29	t	33	0	"АКТИВНЫЙ тарифный план"	1000	0	0			Тарифный план может быть предоставлен клиенту при минимальный размер годовой выручки клиента/группы клиентов (холдинга) согласно данных бухгалтерской отчетности — от 100 до 600 млн. рублей 		2013-12-05 19:18:05.441575	2013-12-05 19:18:05.441575
31	t	34	0	"Дистанционный" (регионы)	2600	50	1	Этот тариф подходит вам, если вы совершаете большое количество регулярных платежей и предпочитаете работать с банком удаленно.	\N	Настоящий тарифный план включает в себя доступ к следующим банковским услугам (продуктам):\r\nРасчетно-кассовое обслуживание юридических лиц и индивидуальных предпринимателей в рублях РФ и иностранной валюте.\r\nПользование системой «Интернет-клиент».\r\nПользование услугами Отдела телефонного обслуживания (ОТО).\r\nПользование услугой «Мобильное информирование о состоянии счета (e-mail, SMS)».\r\nПродленный операционный день по платежам на бумажных  носителях до 17.00.\r\nПродленный операционный день по системе «Интернет-Клиент» \r\n•\tпо платежам, не требующих валютного контроля, до 20.30.\r\n•\tпо платежам, требующих валютного контроля по рублям РФ и долларах США - до 20.00, по Евро, Фунтам стерлингов - до 18.00.\r\nВ случае совершения платежа, превышающего 500 тыс. рублей или эквивалент в долларах США, Евро, Фунтах стерлингов, требуется предварительное уведомление до 17.00 по телефону или системе «Интернет-Клиент».\r\nЗарплатный проект.\r\nКорпоративные карты.\r\nЭквайринг.\r\nКредитные продукты (до 3 млн. рублей).\r\nОвердрафт (с автоматическим расчетом лимита до 1 млн. рублей).\r\nВалютный контроль.\r\nВыбор серебряного номера счета.\r\nОткрытие счетов платежных агентов. \r\n\r\nТарифный план не распространяется на Клиентов Банка, организующих на своей территории операционные кассы ОАО АКБ «Пробизнесбанк» вне кассового узла.\r\nТарифный план действует в регионах присутствия Банка с численностью населения от 150 тыс. до 3 млн. человек.\r\nКомиссия за валютный контроль взимается дополнительно к комиссиям за расчетно-кассовое обслуживание.\r\n		2013-12-06 13:54:58.572317	2013-12-06 13:54:58.572317
32	t	34	0	"Стартовый"	1700	100	1	Это оптимальный тариф для предпринимателей и компаний, которые совершают до 10 платежей в месяц. Реальная экономия на ежемесячной плате за обслуживание счета.	\N	Настоящий тарифный план  включает  в себя  доступ к следующим банковским услугам (продуктам):\r\nРасчетно-кассовое обслуживание юридических лиц и индивидуальных предпринимателей в рублях РФ.\r\nПользование системой «Интернет-клиент».\r\nПользование услугами Отдела телефонного обслуживания (ОТО).\r\nПользование услугой «Мобильное информирование о состоянии счета (e-mail, SMS)»\r\nПродленный операционный день по платежам на бумажных  носителях до 16.00.\r\nПродленный операционный день по платежам по системе «Интернет-Клиент» до 16.00. \r\nЗарплатный проект.\r\nКорпоративные карты.\r\nЭквайринг.\r\nКредитные продукты (до 1 млн. рублей).\r\n\r\nТарифный план не распространяется на Клиентов Банка, организующих на своей территории операционные кассы ОАО АКБ «Пробизнесбанк» вне кассового узла.\r\nТарифный план действует в регионах присутствия Банка с численностью населения от 150 тыс. до 3 млн. человек.\r\n		2013-12-06 14:04:57.532441	2013-12-06 14:04:57.532441
38	t	35	0	"Кассовый"	1200	100	0	Тариф "Кассовый" рассчитан на сдачу крупных сумм наличными для зачисления на расчетный счет.	\N	специальный тариф на оформление платежных поручений по операциям, совершенным с использованием интернет-банка PSB On-Line;\r\nусиление контроля над операциями по счетам;\r\nвысочайшее качество предоставляемых услуг;\r\nминимальный тариф на внесение наличных средств на расчетный счет;\r\nбесплатное подключение системы PSB On-Line; \r\nотсутствие абонентской платы за обслуживание системы PSB On-Line.\r\n\r\n		2013-12-08 19:18:46.388565	2013-12-08 19:18:46.388565
42	t	42	0	Базовый	900	200	1		\N			2013-12-08 21:00:57.482767	2013-12-08 21:00:57.482767
41	t	40	0	Базовый	500	100	2		_________________rate_rko.pdf			2013-12-08 19:33:53.617185	2013-12-09 11:08:02.350618
5	t	11	0	Тариф за расчетно-кассовое обслуживание по договору банковского счета	450	10	0		______________________________________.pdf			2013-12-05 08:09:53.049848	2013-12-09 11:02:55.267192
33	t	34	0	"Персональный" (регионы)	1500	50	0	Если вы предпочитаете персональное обслуживание, на этом тарифном плане вам будет предоставлен менеджер, который профессионально проконсультирует вас по всему спектру наших услуг и оперативно решит любой вопрос.	\N	Настоящий тарифный план включает в себя доступ к следующим банковским услугам (продуктам):\r\nРасчетно-кассовое обслуживание юридических лиц и индивидуальных предпринимателей в рублях РФ и иностранной валюте.\r\nПользование системой «Интернет-клиент».\r\nПользование услугами Отдела телефонного обслуживания (ОТО).\r\nПродленный операционный день по платежам на бумажных  носителях до 18.00.\r\nПродленный операционный день по системе «Интернет-Клиент» \r\n•\tпо платежам, не требующих валютного контроля, до 20.30\r\n•\tпо платежам, требующих валютного контроля по рублям РФ и долларах США - до 20.00, по Евро, Фунтам стерлингов - до 18.00.\r\nВ случае совершения платежа, превышающего 500 тыс. руб. или эквивалент в долларах США, Евро, Фунтах стерлингов, требуется предварительное уведомление до 17.00 по телефону или системе «Интернет-Клиент».\r\nЗарплатный проект.\r\nКорпоративные карты.\r\nЭквайринг.\r\nКредитные продукты (до 10 млн. руб.).\r\nБанковские гарантии и аккредитивы (до 10 млн. руб.).\r\nОвердрафт (с автоматическим расчетом лимита до 10 млн. руб.).\r\nВалютный контроль.\r\nВыбор золотого номера счета.\r\nОткрытие счетов платежных агентов. \r\nПредоставление персонального менеджера для решения всех вопросов, связанных с обслуживанием счетов Клиента, совершением банковских операций, финансовым анализом деятельности предприятия, а также для получения информации о прохождении расчетных документов, наложении ареста, приостановлений операций по счету в оперативном режиме.\r\n\r\nТарифный план не распространяется на Клиентов Банка, организующих на своей территории операционные кассы ОАО АКБ “Пробизнесбанк” вне кассового узла.\r\nТарифный план действует в регионах присутствия Банка численностью населения менее 3 млн. человек.\r\nКомиссия за валютный контроль взимается дополнительно к комиссиям за расчетно-кассовое обслуживание.\r\n		2013-12-08 18:57:42.720805	2013-12-08 18:57:42.720805
34	t	34	0	"Торговый"	3000	100	0		\N	Настоящий тарифный план  включает  в себя  доступ к следующим банковским услугам (продуктам):\r\nРасчетно-кассовое обслуживание юридических лиц и индивидуальных предпринимателей в рублях РФ.\r\nПользование системой «Интернет-клиент».\r\nПользование услугами Отдела телефонного обслуживания (ОТО).\r\nПродленный операционный день по платежам на бумажных  носителях до 18.00.\r\nПродленный операционный день по системе «Интернет-Клиент» \r\n•\tпо платежам, не требующих валютного контроля, до 20.30\r\n•\tпо платежам, требующих валютного контроля по рублям РФ и долларах США - до 20.00, по Евро, Фунтам стерлингов - до 18.00.\r\nВ случае совершения платежа, превышающего 500 тыс. рублей или эквивалент в долларах США, Евро, Фунтах стерлингов, требуется предварительное уведомление до 17.00 по телефону или системе «Интернет-Клиент».\r\nПлатежи, требующие обязательного валютного контроля, проводятся до 16-00. \r\nЗарплатный проект.\r\nКорпоративные карты.\r\nКредитные продукты (до 1 млн. рублей).\r\nВалютный контроль.\r\nЛьготный курс при конвертации валюты.\r\nПредоставление персонального менеджера для решения всех вопросов, связанных с обслуживанием счетов Клиента, совершением банковских операций, финансовым анализом деятельности предприятия, а также вопросов, связанных с наложением ареста, приостановлений операций по счету в оперативном режиме, со снятием ареста со счета Клиента. \r\n\r\nНастоящий тарифный план не распространяется на Клиентов Банка, организующих на своей территории операционные кассы ОАО АКБ «Пробизнесбанк» вне кассового узла.\r\nТарифный план действует в регионах присутствия Банка численностью населения менее 3 млн. человек.\r\n		2013-12-08 19:02:32.540384	2013-12-08 19:02:32.540384
35	t	34	0	"Партнер"	2500	0	0	Тарифный план для тех клиентов, которым интересно не только персональное обслуживание, но и консалтинговые услуги для их бизнеса.	\N	Настоящий тарифный план включает в себя доступ к следующим банковским услугам (продуктам):\r\nРасчетно-кассовое обслуживание юридических лиц и индивидуальных предпринимателей в рублях РФ и иностранной валюте.\r\nПользование системой «Интернет-клиент».\r\nПользование услугами Отдела телефонного обслуживания (ОТО).\r\nПродленный операционный день по платежам на бумажных  носителях до 19.00.\r\nПродленный операционный день по системе «Интернет-Клиент» \r\n•\tпо платежам, не требующих валютного контроля, до 20.30\r\n•\tпо платежам, требующих валютного контроля по рублям РФ и долларах США - до 20.00, по Евро, Фунтам стерлингов - до 18.00.\r\nВ случае совершения платежа, превышающего 500 тыс. руб. или эквивалент в долларах США, Евро, Фунтах стерлингов, требуется предварительное уведомление до 17.00 по телефону или системе «Интернет-Клиент».\r\nЗарплатный проект.\r\nКорпоративные карты.\r\nЭквайринг.\r\nКредитные продукты (до 25 млн. руб.).\r\nБанковские гарантии и аккредитивы (до 25 млн. руб.).\r\nОвердрафт (с индивидуальным расчетом лимита до 25 млн. руб.).\r\nВалютный контроль. Льготный курс при конвертации валюты.\r\nВыбор платинового номера счета.\r\nОткрытие счетов платежных агентов. \r\nПредоставление персонального менеджера в ранге не ниже старшего специалиста для решения всех вопросов, связанных с обслуживанием счетов Клиента, совершением банковских операций, финансовым анализом деятельности предприятия, а также вопросов, связанных с наложением ареста, приостановлений операций по счету в оперативном режиме, со снятием ареста со счета Клиента. Выезд менеджера в офис Клиента по запросу.\r\nКонсалтинговые услуги (консультирование клиента управляющим офиса по вопросам, связанным с обслуживанием в банке, консультирование Клиента по вопросам экономической безопасности, помощь в оповещении контрагентов об изменении реквизитов).\r\nДоставка выписок и справок курьером банка.\r\nРазмещение рекламы компании на сайте банка.\r\nПродукт «LifePAD» – банковское программное обеспечение для решения бизнес-задач клиента, инсталлированное на планшетном персональном компьютере.\r\nТарифный план не распространяется на Клиентов Банка, организующих на своей территории операционные кассы ОАО АКБ «Пробизнесбанк» вне кассового узла.\r\nТарифный план действует в регионах присутствия Банка численностью населения менее 3 млн. человек.\r\nКомиссия за валютный контроль взимается дополнительно к комиссиям за расчетно-кассовое обслуживание.\r\n		2013-12-08 19:07:03.903209	2013-12-08 19:07:03.903209
36	t	35	0	"Базовый"	490	100	0	Выгодные условия для проведения необходимых операций по счету (аренда, налоги).	\N	минимальный тариф на открытие расчетного счета;\r\nсниженный тариф на ведение счета с использованием интернет-банка PSB On-Line;\r\nспециальный тариф на внесение наличных средств на расчетный счет;\r\nновейшие способы обеспечения безопасности платежей за счет использования USB-ключей;\r\nусиление контроля над операциями по счетам;\r\nвысочайшее качество предоставляемых услуг;\r\nбесплатное подключение системы PSB On-Line; \r\nотсутствие абонентской платы за обслуживание системы PSB On-Line.\r\n\r\n		2013-12-08 19:14:48.393967	2013-12-08 19:20:11.113374
37	t	35	0	"Платежный"	1200	100	0	Тариф «Платежный» позволит увеличить объем безналичных платежей.	\N	усиление контроля над операциями по счетам;\r\nминимальная стоимость оформления платежных поручений по операциям, совершенным с использованием интернет-банка PSB On-Line;\r\nвысочайшее качество предоставляемых услуг;\r\nспециальный тариф на внесение наличных средств на расчетный счет;\r\nбесплатное подключение системы PSB On-Line; \r\nотсутствие абонентской платы за обслуживание системы PSB On-Line.\r\n		2013-12-08 19:16:42.050505	2013-12-08 19:20:42.986757
39	t	35	0	"Моё дело"	990	100	0	Тариф «Мое Дело» - включает в себя услуги банка и интернет-бухгалтерии «Мое Дело». Тарифный план позволяет проводить расчеты, вести бухгалтерию, кадровый и налоговый учет.	\N	бесплатное открытие счета; \r\nв пакет включены услуги интернет–бухгалтерии; \r\nспециальный тариф на оформление платежных поручений по операциям, совершенным с использованием интернет-банка PSB On-Line; \r\nусиление контроля над операциями по счетам; \r\nвысочайшее качество предоставляемых услуг; \r\nотсутствие абонентской платы за обслуживание системы PSB On-Line.\r\n		2013-12-08 19:22:36.885844	2013-12-08 19:22:36.885844
45	t	48	0	Базовый	300	100	0		\N			2013-12-08 21:17:29.011249	2013-12-08 21:17:29.011249
46	t	51	0	Базовый	600	80	0		\N			2013-12-08 21:25:56.583677	2013-12-08 21:25:56.583677
47	t	54	0	Базовый	800	100	1		\N			2013-12-08 21:31:10.855399	2013-12-08 21:31:10.855399
40	t	39	0	Базовый	500	75	1		_______________corporate.pdf			2013-12-08 19:30:56.174352	2013-12-09 11:07:48.800185
44	t	44	0	Базовый	1200	100	0		__________tarifscorp01_03_2013.pdf			2013-12-08 21:09:30.670204	2013-12-09 11:08:39.957679
48	t	56	0	Базовый	650	59	1		\N			2013-12-08 21:36:18.418044	2013-12-10 11:45:52.729737
49	t	57	0	Базовый	150	50	1		\N			2013-12-08 21:42:20.136407	2013-12-10 11:48:43.259566
43	t	43	0	Базовый	2000	100	2		_________14_vvb_rko_cheboksary_010913.pdf			2013-12-08 21:05:16.224073	2013-12-09 11:08:21.012692
52	t	58	0	"Партнерский"	390	100	0	Для Клиентов, кредитующихся в КБ «ЮНИАСТРУМ БАНК» (ООО) по программе Кредитования Малого Бизнеса. Подключение к Тарифному плану только с одновременным подключением к системе ДБО – Интернет Банк-Клиент и/или Банк-Клиент.\r\n\r\nПодключение к Тарифному плану только при выполнении одного из следующих условий:\r\n\r\n    наличие у Клиента действующего кредита (наличие подписанного Договора кредитования)/положительного решения Банка на предоставление кредита в рамках программ Кредитования Малого Бизнеса (КМБ), в т.ч. овердрафт;\r\n    для Клиентов (в т.ч. руководители/учредители компаний), выступающих в качестве поручителей по кредиту в рамках программ КМБ в КБ «ЮНИАСТРУМ БАНК» (ООО).\r\n\r\nТарифный план применяется на период действия одного из указанных выше договоров!	rates-cheboksary-2013-10-01.pdf			2013-12-08 21:51:36.935928	2013-12-08 21:51:36.935928
55	t	3	0	Базовый	0	30	0		_______________________.pdf			2013-12-09 10:51:12.724736	2013-12-09 10:51:12.724736
62	t	49	0	"Партнерский" (привилегированный тариф)	499	80	1	"Партнерский" тарифный план для тех, кто выбирает большее, чем просто расчетно-кассовое обслуживание. 	______ts_7_2.pdf			2013-12-09 22:00:11.837234	2013-12-09 22:00:11.837234
63	t	49	0	"Расчетный"	899	80	0	"Расчетный" для тех,  кто выступает за наличные расчеты.	______ts_7_2.pdf			2013-12-09 22:00:26.226882	2013-12-09 22:00:26.226882
58	t	46	0	Тарифный план "Зелёный коридор"	1000	0	2		\N			2013-12-09 21:49:05.210863	2013-12-10 09:44:07.800109
68	t	30	0	Базовый	0	20	1		\N			2013-12-10 11:41:18.693914	2013-12-10 11:41:18.693914
53	t	58	0	"Приоритетный"	290	100	0		rates-cheboksary-2013-10-01.pdf	Подключение к Тарифному плану только с одновременным подключением к системе ДБО – Интернет Банк-Клиент и/или Банк-Клиент.\r\n\r\n    Для Клиентов - участников внешнеэкономической деятельности (ВЭД) только при наличии у Клиента не менее двух открытых счетов в КБ «ЮНИАСТРУМ БАНК» (ООО) (расчетного счета в рублях РФ и в иностранной валюте) и при наличии валютного контракта.\r\n    Для Клиентов имеющих действующий Договор банковского вклада в КБ «ЮНИАСТРУМ БАНК» (ООО) на сумму не менее 8 000 000 рублей/200 000 долларов США/ЕВРО на срок не менее 91 дня.		2013-12-08 21:52:22.550596	2013-12-08 21:52:22.550596
56	t	9	0	Базовый	1000	50	1		\N			2013-12-09 11:01:56.261289	2013-12-09 11:01:56.261289
57	t	10	0	Базовый	500	50	1		__________________________________________________________01.11.13.pdf			2013-12-09 16:13:09.751871	2013-12-09 16:13:09.751871
65	t	49	0	"Электронный"	399	80	1		______ts_7_2.pdf	"Электронный" для тех, кто предпочитает управлять счетом не вставая со своего кресла. 		2013-12-09 22:00:49.355566	2013-12-09 22:00:49.355566
66	t	49	0	"Базовый"	2499	80	1		______ts_7_2.pdf	"Базовый" - кто ценит личное общение с нашими операционистами. 		2013-12-09 22:00:59.239602	2013-12-09 22:00:59.239602
64	t	49	0	"Электронный +"	799	80	1	"Электронный +" для тех, кто предпочитает управлять счетом не вставая со своего кресла. 	______ts_7_2.pdf			2013-12-09 22:00:40.604617	2013-12-09 22:01:12.980661
61	t	46	0	Тарифный план "Директор +"	1100	0	2		\N			2013-12-09 21:49:21.654033	2013-12-10 09:43:32.610531
60	t	46	0	Тарифный план "Предприниматель +"	800	0	2		\N			2013-12-09 21:49:17.534083	2013-12-10 09:43:52.217135
59	t	46	0	Тарифный план "Президент +"	2000	0	2		\N			2013-12-09 21:49:13.214752	2013-12-10 09:44:00.161597
67	t	16	0	Базовый	2500	0	1		\N			2013-12-10 11:22:48.888024	2013-12-10 11:22:48.888024
69	t	55	0	Базовый	500	25	0		\N			2013-12-10 12:00:00.695916	2013-12-10 12:00:00.695916
\.


--
-- Name: tariffes_id_seq; Type: SEQUENCE SET; Schema: public; Owner: danil
--

SELECT pg_catalog.setval('tariffes_id_seq', 69, true);


--
-- PostgreSQL database dump complete
--

